id,measurand,submeasurand,phase,direction,kind,unit,digits,display_name_en,display_name_en_muted,display_name_de,display_name_de_muted,desc_en,desc_de,OBIS-Kennziffer (alle .4.0 auch als .7.0),comment
1,Voltage,,L1 N,,,V,1,Voltage,L1-N,Spannung,L1-N,,,32.4.0,
2,Voltage,,L2 N,,,V,1,Voltage,L2-N,Spannung,L2-N,,,52.4.0,
3,Voltage,,L3 N,,,V,1,Voltage,L3-N,Spannung,L3-N,,,72.4.0,
4,Voltage,,L1 L2,,,V,1,Voltage,L1-L2,Spannung,L1-L2,,,,
5,Voltage,,L2 L3,,,V,1,Voltage,L2-L3,Spannung,L2-L3,,,,
6,Voltage,,L3 L1,,,V,1,Voltage,L3-L1,Spannung,L3-L1,,,,
7,Voltage,,L N Avg,,,V,1,Voltage,"⌀ L1-N, L2-N, L3-N",Spannung,"⌀ L1-N, L2-N, L3-N",,,,
8,Voltage,,L L Avg,,,V,1,Voltage,"⌀ L1-L2, L2-L3, L3-L1",Spannung,"⌀ L1-L2, L2-L3, L3-L1",,,,
9,Voltage,,N PE,,,V,1,Neutral voltage,,Neutralleiterspannung,,,,92.4.0,
10,Voltage,,DC,,,V,1,DC voltage,,Gleichspannung,,,,,Für Inverter/Batterie
11,Current,,L1,Import,,A,3,Current (draw),L1,Strom (Bezug),L1,,,,Import heißt Netz → Auto; Netz → Haus; Netz → PV. Das müsste beim YTL „forward“ sein
12,Current,,L1,Export,,A,3,Current (feed),L1,Strom (Einspeisung),L1,,,,Export heißt Auto → Netz; Haus → Netz; PV → Netz. Das müsste beim YTL „reverse“ sein
13,Current,,L1,Im Ex Sum,,A,3,Current (draw plus feed),L1,Strom (Bezug plus Einspeisung),L1,,,31.4.0,
14,Current,,L1,Im Ex Diff,,A,3,Current (draw minus feed),L1,Strom (Bezug minus Einspeisung),L1,,,,
15,Current,,L2,Import,,A,3,Current (draw),L2,Strom (Bezug),L2,,,,
16,Current,,L2,Export,,A,3,Current (feed),L2,Strom (Einspeisung),L2,,,,
17,Current,,L2,Im Ex Sum,,A,3,Current (draw plus feed),L2,Strom (Bezug plus Einspeisung),L2,,,51.4.0,
18,Current,,L2,Im Ex Diff,,A,3,Current (draw minus feed),L2,Strom (Bezug minus Einspeisung),L2,,,,
19,Current,,L3,Import,,A,3,Current (draw),L3,Strom (Bezug),L3,,,,
20,Current,,L3,Export,,A,3,Current (feed),L3,Strom (Einspeisung),L3,,,,
21,Current,,L3,Im Ex Sum,,A,3,Current (draw plus feed),L3,Strom (Bezug plus Einspeisung),L3,,,71.4.0,
22,Current,,L3,Im Ex Diff,,A,3,Current (draw minus feed),L3,Strom (Bezug minus Einspeisung),L3,,,,
23,Current,,N,Import,,A,3,Neutral current (draw),,Neutralleiterstrom (Bezug),,,,,"Bisher ist nicht definiert, ob beim Neutralleiterstrom Bezug und Einspeisung die selbe Richtung haben, wie bei den Phasenströmen."
24,Current,,N,Export,,A,3,Neutral current (feed),,Neutralleiterstrom (Einspeisung),,,,,
25,Current,,N,Im Ex Sum,,A,3,Neutral current,,Neutralleiterstrom,,,,91.4.0,
26,Current,,N,Im Ex Diff,,A,3,Neutral current (draw minus feed),,Neutralleiterstrom (Bezug minus Einspeisung),,,,,
27,Current,,L Avg,Import,,A,3,Current (draw),"⌀ L1, L2, L3",Strom (Bezug),"⌀ L1, L2, L3",,,,
28,Current,,L Avg,Export,,A,3,Current (feed),"⌀ L1, L2, L3",Strom (Einspeisung),"⌀ L1, L2, L3",,,,
29,Current,,L Avg,Im Ex Sum,,A,3,Current (draw plus feed),"⌀ L1, L2, L3",Strom (Bezug plus Einspeisung),"⌀ L1, L2, L3",,,,
30,Current,,L Avg,Im Ex Diff,,A,3,Current (draw minus feed),"⌀ L1, L2, L3",Strom (Bezug minus Einspeisung),"⌀ L1, L2, L3",,,,
31,Current,,L Sum,Import,,A,3,Current (draw),"Σ L1, L2, L3",Strom (Bezug),"Σ L1, L2, L3",,,,"L Sum-Current heißt „Three-phase Vector Sum Current“ (YTL); Also z.B. 15 A,  bei 10A L1 Import plus 5A L2 Import plus 0A L3 Import (wenn L3 gerade exportiert) "
32,Current,,L Sum,Export,,A,3,Current (feed),"Σ L1, L2, L3",Strom (Einspeisung),"Σ L1, L2, L3",,,,
33,Current,,L Sum,Im Ex Sum,,A,3,Current (draw plus feed),"Σ L1, L2, L3",Strom (Bezug plus Einspeisung),"Σ L1, L2, L3",,,,
34,Current,,L Sum,Im Ex Diff,,A,3,Current (draw minus feed),"Σ L1, L2, L3",Strom (Bezug minus Einspeisung),"Σ L1, L2, L3",,,,
35,Current,,DC,*Any,,A,3,DC current,,Gleichstrom,,,,,Für Inverter
36,Power,Active,L1,Import,,W,0,Active power (draw),L1,Wirkleistung (Bezug),L1,,,21.4.0,
37,Power,Active,L1,Export,,W,0,Active power (feed),L1,Wirkleistung (Einspeisung),L1,,,22.4.0,
38,Power,Active,L1,Im Ex Sum,,W,0,Active power (draw plus feed),L1,Wirkleistung (Bezug plus Einspeisung),L1,,,35.4.0,
39,Power,Active,L1,Im Ex Diff,*Now,W,0,Active power (draw minus feed),L1,Wirkleistung (Bezug minus Einspeisung),L1,,,36.4.0,
40,Power,Active,L1,Im Ex Diff,Virtual,W,0,Active power (draw minus feed),L1; virtual,Wirkleistung (Bezug minus Einspeisung),L1; virtuell,,,,"Virtueller Netzbezug, berechneter Wert mit Berücksichtigung der Leistung eines Batteriespeichers. Analog zu “Power Active L1 Im Ex Diff” bei nicht vorhandenem Batteriespeicher"
41,Power,Active,L1,Q1,,W,0,Active power (Q1),L1,Wirkleistung (Q1),L1,,,37.4.0,
42,Power,Active,L1,Q2,,W,0,Active power (Q2),L1,Wirkleistung (Q2),L1,,,38.4.0,
43,Power,Active,L1,Q3,,W,0,Active power (Q3),L1,Wirkleistung (Q3),L1,,,39.4.0,
44,Power,Active,L1,Q4,,W,0,Active power (Q4),L1,Wirkleistung (Q4),L1,,,40.4.0,
45,Power,Active,L2,Import,,W,0,Active power (draw),L2,Wirkleistung (Bezug),L2,,,41.4.0,
46,Power,Active,L2,Export,,W,0,Active power (feed),L2,Wirkleistung (Einspeisung),L2,,,42.4.0,
47,Power,Active,L2,Im Ex Sum,,W,0,Active power (draw plus feed),L2,Wirkleistung (Bezug plus Einspeisung),L2,,,55.4.0,
48,Power,Active,L2,Im Ex Diff,*Now,W,0,Active power (draw minus feed),L2,Wirkleistung (Bezug minus Einspeisung),L2,,,56.4.0,
49,Power,Active,L2,Im Ex Diff,Virtual,W,0,Active power (draw minus feed),L2; virtual,Wirkleistung (Bezug minus Einspeisung),L2; virtuell,,,,"Virtueller Netzbezug, berechneter Wert mit Berücksichtigung der Leistung eines Batteriespeichers. Analog zu “Power Active L2 Im Ex Diff” bei nicht vorhandenem Batteriespeicher"
50,Power,Active,L2,Q1,,W,0,Active power (Q1),L2,Wirkleistung (Q1),L2,,,57.4.0,
51,Power,Active,L2,Q2,,W,0,Active power (Q2),L2,Wirkleistung (Q2),L2,,,58.4.0,
52,Power,Active,L2,Q3,,W,0,Active power (Q3),L2,Wirkleistung (Q3),L2,,,59.4.0,
53,Power,Active,L2,Q4,,W,0,Active power (Q4),L2,Wirkleistung (Q4),L2,,,60.4.0,
54,Power,Active,L3,Import,,W,0,Active power (draw),L3,Wirkleistung (Bezug),L3,,,61.4.0,
55,Power,Active,L3,Export,,W,0,Active power (feed),L3,Wirkleistung (Einspeisung),L3,,,62.4.0,
56,Power,Active,L3,Im Ex Sum,,W,0,Active power (draw plus feed),L3,Wirkleistung (Bezug plus Einspeisung),L3,,,75.4.0,
57,Power,Active,L3,Im Ex Diff,*Now,W,0,Active power (draw minus feed),L3,Wirkleistung (Bezug minus Einspeisung),L3,,,76.4.0,
58,Power,Active,L3,Im Ex Diff,Virtual,W,0,Active power (draw minus feed),L3; virtual,Wirkleistung (Bezug minus Einspeisung),L3; virtuell,,,,"Virtueller Netzbezug, berechneter Wert mit Berücksichtigung der Leistung eines Batteriespeichers. Analog zu “Power Active L3 Im Ex Diff” bei nicht vorhandenem Batteriespeicher"
59,Power,Active,L3,Q1,,W,0,Active power (Q1),L3,Wirkleistung (Q1),L3,,,77.4.0,
60,Power,Active,L3,Q2,,W,0,Active power (Q2),L3,Wirkleistung (Q2),L3,,,78.4.0,
61,Power,Active,L3,Q3,,W,0,Active power (Q3),L3,Wirkleistung (Q3),L3,,,79.4.0,
62,Power,Active,L3,Q4,,W,0,Active power (Q4),L3,Wirkleistung (Q4),L3,,,80.4.0,
63,Power,Active,L Avg,Import,,W,0,Active power (draw),"⌀ L1, L2, L3",Wirkleistung (Bezug),"⌀ L1, L2, L3",,,,
64,Power,Active,L Avg,Export,,W,0,Active power (feed),"⌀ L1, L2, L3",Wirkleistung (Einspeisung),"⌀ L1, L2, L3",,,,
65,Power,Active,L Avg,Im Ex Sum,,W,0,Active power (draw plus feed),"⌀ L1, L2, L3",Wirkleistung (Bezug plus Einspeisung),"⌀ L1, L2, L3",,,,
66,Power,Active,L Avg,Im Ex Diff,,W,0,Active power (draw minus feed),"⌀ L1, L2, L3",Wirkleistung (Bezug minus Einspeisung),"⌀ L1, L2, L3",,,,
67,Power,Active,L Avg,Q1,,W,0,Active power (Q1),"⌀ L1, L2, L3",Wirkleistung (Q1),"⌀ L1, L2, L3",,,,
68,Power,Active,L Avg,Q2,,W,0,Active power (Q2),"⌀ L1, L2, L3",Wirkleistung (Q2),"⌀ L1, L2, L3",,,,
69,Power,Active,L Avg,Q3,,W,0,Active power (Q3),"⌀ L1, L2, L3",Wirkleistung (Q3),"⌀ L1, L2, L3",,,,
70,Power,Active,L Avg,Q4,,W,0,Active power (Q4),"⌀ L1, L2, L3",Wirkleistung (Q4),"⌀ L1, L2, L3",,,,
71,Power,Active,L Sum,Import,,W,0,Active power (draw),"Σ L1, L2, L3",Wirkleistung (Bezug),"Σ L1, L2, L3",,,1.4.0,
72,Power,Active,L Sum,Export,,W,0,Active power (feed),"Σ L1, L2, L3",Wirkleistung (Einspeisung),"Σ L1, L2, L3",,,2.4.0,
73,Power,Active,L Sum,Im Ex Sum,,W,0,Active power (draw plus feed),"Σ L1, L2, L3",Wirkleistung (Bezug plus Einspeisung),"Σ L1, L2, L3",,,15.4.0,
74,Power,Active,L Sum,Im Ex Diff,*Now,W,0,Active power (draw minus feed),"Σ L1, L2, L3",Wirkleistung (Bezug minus Einspeisung),"Σ L1, L2, L3",,,16.4.0,Kompatibel zu TotalSystemPower vom SDM72
75,Power,Active,L Sum,Im Ex Diff,Virtual,W,0,Active power (draw minus feed),"Σ L1, L2, L3; virtual",Wirkleistung (Bezug minus Einspeisung),"Σ L1, L2, L3; virtuell",,,,"Virtueller Netzbezug, berechneter Wert mit Berücksichtigung der Leistung eines Batteriespeichers. Analog zu “Power Active L Sum Im Ex Diff” bei nicht vorhandenem Batteriespeicher"
76,Power,Active,L Sum,Q1,,W,0,Active power (Q1),"Σ L1, L2, L3",Wirkleistung (Q1),"Σ L1, L2, L3",,,17.4.0,
77,Power,Active,L Sum,Q2,,W,0,Active power (Q2),"Σ L1, L2, L3",Wirkleistung (Q2),"Σ L1, L2, L3",,,18.4.0,
78,Power,Active,L Sum,Q3,,W,0,Active power (Q3),"Σ L1, L2, L3",Wirkleistung (Q3),"Σ L1, L2, L3",,,19.4.0,
79,Power,Active,L Sum,Q4,,W,0,Active power (Q4),"Σ L1, L2, L3",Wirkleistung (Q4),"Σ L1, L2, L3",,,20.4.0,
80,Power,Reactive,L1,Inductive,,var,0,Reactive power (inductive),L1,Blindleistung (induktiv),L1,,,23.4.0,
81,Power,Reactive,L1,Capacitive,,var,0,Reactive power (capacitive),L1,Blindleistung (kapazitiv),L1,,,24.4.0,
82,Power,Reactive,L1,Ind Cap Sum,,var,0,Reactive power (inductive plus capacitive),L1,Blindleistung (induktiv plus kapazitiv),L1,,,,
83,Power,Reactive,L1,Ind Cap Diff,,var,0,Reactive power (inductive minus capacitive),L1,Blindleistung (induktiv minus kapazitiv),L1,,,,
84,Power,Reactive,L1,Q1,,var,0,Reactive power (Q1),L1,Blindleistung (Q1),L1,,,25.4.0,
85,Power,Reactive,L1,Q2,,var,0,Reactive power (Q2),L1,Blindleistung (Q2),L1,,,26.4.0,
86,Power,Reactive,L1,Q3,,var,0,Reactive power (Q3),L1,Blindleistung (Q3),L1,,,27.4.0,
87,Power,Reactive,L1,Q4,,var,0,Reactive power (Q4),L1,Blindleistung (Q4),L1,,,28.4.0,
88,Power,Reactive,L2,Inductive,,var,0,Reactive power (inductive),L2,Blindleistung (induktiv),L2,,,43.4.0,
89,Power,Reactive,L2,Capacitive,,var,0,Reactive power (capacitive),L2,Blindleistung (kapazitiv),L2,,,44.4.0,
90,Power,Reactive,L2,Ind Cap Sum,,var,0,Reactive power (inductive plus capacitive),L2,Blindleistung (induktiv plus kapazitiv),L2,,,,
91,Power,Reactive,L2,Ind Cap Diff,,var,0,Reactive power (inductive minus capacitive),L2,Blindleistung (induktiv minus kapazitiv),L2,,,,
92,Power,Reactive,L2,Q1,,var,0,Reactive power (Q1),L2,Blindleistung (Q1),L2,,,45.4.0,
93,Power,Reactive,L2,Q2,,var,0,Reactive power (Q2),L2,Blindleistung (Q2),L2,,,46.4.0,
94,Power,Reactive,L2,Q3,,var,0,Reactive power (Q3),L2,Blindleistung (Q3),L2,,,47.4.0,
95,Power,Reactive,L2,Q4,,var,0,Reactive power (Q4),L2,Blindleistung (Q4),L2,,,48.4.0,
96,Power,Reactive,L3,Inductive,,var,0,Reactive power (inductive),L3,Blindleistung (induktiv),L3,,,63.4.0,
97,Power,Reactive,L3,Capacitive,,var,0,Reactive power (capacitive),L3,Blindleistung (kapazitiv),L3,,,64.4.0,
98,Power,Reactive,L3,Ind Cap Sum,,var,0,Reactive power (inductive plus capacitive),L3,Blindleistung (induktiv plus kapazitiv),L3,,,,
99,Power,Reactive,L3,Ind Cap Diff,,var,0,Reactive power (inductive minus capacitive),L3,Blindleistung (induktiv minus kapazitiv),L3,,,,
100,Power,Reactive,L3,Q1,,var,0,Reactive power (Q1),L3,Blindleistung (Q1),L3,,,65.4.0,
101,Power,Reactive,L3,Q2,,var,0,Reactive power (Q2),L3,Blindleistung (Q2),L3,,,66.4.0,
102,Power,Reactive,L3,Q3,,var,0,Reactive power (Q3),L3,Blindleistung (Q3),L3,,,67.4.0,
103,Power,Reactive,L3,Q4,,var,0,Reactive power (Q4),L3,Blindleistung (Q4),L3,,,68.4.0,
104,Power,Reactive,L Avg,Inductive,,var,0,Reactive power (inductive),"⌀ L1, L2, L3",Blindleistung (induktiv),"⌀ L1, L2, L3",,,,
105,Power,Reactive,L Avg,Capacitive,,var,0,Reactive power (capacitive),"⌀ L1, L2, L3",Blindleistung (kapazitiv),"⌀ L1, L2, L3",,,,
106,Power,Reactive,L Avg,Ind Cap Sum,,var,0,Reactive power (inductive plus capacitive),"⌀ L1, L2, L3",Blindleistung (induktiv plus kapazitiv),"⌀ L1, L2, L3",,,,
107,Power,Reactive,L Avg,Ind Cap Diff,,var,0,Reactive power (inductive minus capacitive),"⌀ L1, L2, L3",Blindleistung (induktiv minus kapazitiv),"⌀ L1, L2, L3",,,,
108,Power,Reactive,L Avg,Q1,,var,0,Reactive power (Q1),"⌀ L1, L2, L3",Blindleistung (Q1),"⌀ L1, L2, L3",,,,
109,Power,Reactive,L Avg,Q2,,var,0,Reactive power (Q2),"⌀ L1, L2, L3",Blindleistung (Q2),"⌀ L1, L2, L3",,,,
110,Power,Reactive,L Avg,Q3,,var,0,Reactive power (Q3),"⌀ L1, L2, L3",Blindleistung (Q3),"⌀ L1, L2, L3",,,,
111,Power,Reactive,L Avg,Q4,,var,0,Reactive power (Q4),"⌀ L1, L2, L3",Blindleistung (Q4),"⌀ L1, L2, L3",,,,
112,Power,Reactive,L Sum,Inductive,,var,0,Reactive power (inductive),"Σ L1, L2, L3",Blindleistung (induktiv),"Σ L1, L2, L3",,,3.4.0,
113,Power,Reactive,L Sum,Capacitive,,var,0,Reactive power (capacitive),"Σ L1, L2, L3",Blindleistung (kapazitiv),"Σ L1, L2, L3",,,4.4.0,
114,Power,Reactive,L Sum,Ind Cap Sum,,var,0,Reactive power (inductive plus capacitive),"Σ L1, L2, L3",Blindleistung (induktiv plus kapazitiv),"Σ L1, L2, L3",,,,
115,Power,Reactive,L Sum,Ind Cap Diff,,var,0,Reactive power (inductive minus capacitive),"Σ L1, L2, L3",Blindleistung (induktiv minus kapazitiv),"Σ L1, L2, L3",,,,
116,Power,Reactive,L Sum,Q1,,var,0,Reactive power (Q1),"Σ L1, L2, L3",Blindleistung (Q1),"Σ L1, L2, L3",,,5.4.0,
117,Power,Reactive,L Sum,Q2,,var,0,Reactive power (Q2),"Σ L1, L2, L3",Blindleistung (Q2),"Σ L1, L2, L3",,,6.4.0,
118,Power,Reactive,L Sum,Q3,,var,0,Reactive power (Q3),"Σ L1, L2, L3",Blindleistung (Q3),"Σ L1, L2, L3",,,7.4.0,
119,Power,Reactive,L Sum,Q4,,var,0,Reactive power (Q4),"Σ L1, L2, L3",Blindleistung (Q4),"Σ L1, L2, L3",,,8.4.0,
120,Power,Apparent,L1,Import,,VA,0,Apparent power (draw),L1,Scheinleistung (Bezug),L1,,,29.4.0,
121,Power,Apparent,L1,Export,,VA,0,Apparent power (feed),L1,Scheinleistung (Einspeisung),L1,,,30.4.0,
122,Power,Apparent,L1,Im Ex Sum,,VA,0,Apparent power (draw plus feed),L1,Scheinleistung (Bezug plus Einspeisung),L1,,,,
123,Power,Apparent,L1,Im Ex Diff,,VA,0,Apparent power (draw minus feed),L1,Scheinleistung (Bezug minus Einspeisung),L1,,,,
124,Power,Apparent,L1,Q1,,VA,0,Apparent power (Q1),L1,Scheinleistung (Q1),L1,,,,
125,Power,Apparent,L1,Q2,,VA,0,Apparent power (Q2),L1,Scheinleistung (Q2),L1,,,,
126,Power,Apparent,L1,Q3,,VA,0,Apparent power (Q3),L1,Scheinleistung (Q3),L1,,,,
127,Power,Apparent,L1,Q4,,VA,0,Apparent power (Q4),L1,Scheinleistung (Q4),L1,,,,
128,Power,Apparent,L2,Import,,VA,0,Apparent power (draw),L2,Scheinleistung (Bezug),L2,,,49.4.0,
129,Power,Apparent,L2,Export,,VA,0,Apparent power (feed),L2,Scheinleistung (Einspeisung),L2,,,50.4.0,
130,Power,Apparent,L2,Im Ex Sum,,VA,0,Apparent power (draw plus feed),L2,Scheinleistung (Bezug plus Einspeisung),L2,,,,
131,Power,Apparent,L2,Im Ex Diff,,VA,0,Apparent power (draw minus feed),L2,Scheinleistung (Bezug minus Einspeisung),L2,,,,
132,Power,Apparent,L2,Q1,,VA,0,Apparent power (Q1),L2,Scheinleistung (Q1),L2,,,,
133,Power,Apparent,L2,Q2,,VA,0,Apparent power (Q2),L2,Scheinleistung (Q2),L2,,,,
134,Power,Apparent,L2,Q3,,VA,0,Apparent power (Q3),L2,Scheinleistung (Q3),L2,,,,
135,Power,Apparent,L2,Q4,,VA,0,Apparent power (Q4),L2,Scheinleistung (Q4),L2,,,,
136,Power,Apparent,L3,Import,,VA,0,Apparent power (draw),L3,Scheinleistung (Bezug),L3,,,69.4.0,
137,Power,Apparent,L3,Export,,VA,0,Apparent power (feed),L3,Scheinleistung (Einspeisung),L3,,,70.4.0,
138,Power,Apparent,L3,Im Ex Sum,,VA,0,Apparent power (draw plus feed),L3,Scheinleistung (Bezug plus Einspeisung),L3,,,,
139,Power,Apparent,L3,Im Ex Diff,,VA,0,Apparent power (draw minus feed),L3,Scheinleistung (Bezug minus Einspeisung),L3,,,,
140,Power,Apparent,L3,Q1,,VA,0,Apparent power (Q1),L3,Scheinleistung (Q1),L3,,,,
141,Power,Apparent,L3,Q2,,VA,0,Apparent power (Q2),L3,Scheinleistung (Q2),L3,,,,
142,Power,Apparent,L3,Q3,,VA,0,Apparent power (Q3),L3,Scheinleistung (Q3),L3,,,,
143,Power,Apparent,L3,Q4,,VA,0,Apparent power (Q4),L3,Scheinleistung (Q4),L3,,,,
144,Power,Apparent,L Avg,Import,,VA,0,Apparent power (draw),"⌀ L1, L2, L3",Scheinleistung (Bezug),"⌀ L1, L2, L3",,,,
145,Power,Apparent,L Avg,Export,,VA,0,Apparent power (feed),"⌀ L1, L2, L3",Scheinleistung (Einspeisung),"⌀ L1, L2, L3",,,,
146,Power,Apparent,L Avg,Im Ex Sum,,VA,0,Apparent power (draw plus feed),"⌀ L1, L2, L3",Scheinleistung (Bezug plus Einspeisung),"⌀ L1, L2, L3",,,,
147,Power,Apparent,L Avg,Im Ex Diff,,VA,0,Apparent power (draw minus feed),"⌀ L1, L2, L3",Scheinleistung (Bezug minus Einspeisung),"⌀ L1, L2, L3",,,,
148,Power,Apparent,L Avg,Q1,,VA,0,Apparent power (Q1),"⌀ L1, L2, L3",Scheinleistung (Q1),"⌀ L1, L2, L3",,,,
149,Power,Apparent,L Avg,Q2,,VA,0,Apparent power (Q2),"⌀ L1, L2, L3",Scheinleistung (Q2),"⌀ L1, L2, L3",,,,
150,Power,Apparent,L Avg,Q3,,VA,0,Apparent power (Q3),"⌀ L1, L2, L3",Scheinleistung (Q3),"⌀ L1, L2, L3",,,,
151,Power,Apparent,L Avg,Q4,,VA,0,Apparent power (Q4),"⌀ L1, L2, L3",Scheinleistung (Q4),"⌀ L1, L2, L3",,,,
152,Power,Apparent,L Sum,Import,,VA,0,Apparent power (draw),"Σ L1, L2, L3",Scheinleistung (Bezug),"Σ L1, L2, L3",,,9.4.0,Berechnet aus Gesamtwirkleistung und Gesamtblindleistung
153,Power,Apparent,L Sum,Export,,VA,0,Apparent power (feed),"Σ L1, L2, L3",Scheinleistung (Einspeisung),"Σ L1, L2, L3",,,10.4.0,Berechnet aus Gesamtwirkleistung und Gesamtblindleistung
154,Power,Apparent,L Sum,Im Ex Sum,,VA,0,Apparent power (draw plus feed),"Σ L1, L2, L3",Scheinleistung (Bezug plus Einspeisung),"Σ L1, L2, L3",,,,Berechnet aus Gesamtwirkleistung und Gesamtblindleistung
155,Power,Apparent,L Sum,Im Ex Diff,,VA,0,Apparent power (draw minus feed),"Σ L1, L2, L3",Scheinleistung (Bezug minus Einspeisung),"Σ L1, L2, L3",,,,Berechnet aus Gesamtwirkleistung und Gesamtblindleistung
156,Power,Apparent,L Sum,Q1,,VA,0,Apparent power (Q1),"Σ L1, L2, L3",Scheinleistung (Q1),"Σ L1, L2, L3",,,,Berechnet aus Gesamtwirkleistung und Gesamtblindleistung
157,Power,Apparent,L Sum,Q2,,VA,0,Apparent power (Q2),"Σ L1, L2, L3",Scheinleistung (Q2),"Σ L1, L2, L3",,,,Berechnet aus Gesamtwirkleistung und Gesamtblindleistung
158,Power,Apparent,L Sum,Q3,,VA,0,Apparent power (Q3),"Σ L1, L2, L3",Scheinleistung (Q3),"Σ L1, L2, L3",,,,Berechnet aus Gesamtwirkleistung und Gesamtblindleistung
159,Power,Apparent,L Sum,Q4,,VA,0,Apparent power (Q4),"Σ L1, L2, L3",Scheinleistung (Q4),"Σ L1, L2, L3",,,,Berechnet aus Gesamtwirkleistung und Gesamtblindleistung
160,Power,,DC,*Any,,W,0,DC power,,Leistung,DC,,,,Für Inverter
161,Energy,Active,L1,Import,*Absolute,kWh,3,Active energy (draw),L1; since manufacturing,Wirkenergie (Bezug),L1; seit Herstellung,,,21.8.0,
162,Energy,Active,L1,Import,Resettable,kWh,3,Active energy (draw),L1; since last reset,Wirkenergie (Bezug),L1; seit letztem Zurücksetzen,,,,
163,Energy,Active,L1,Export,*Absolute,kWh,3,Active energy (feed),L1; since manufacturing,Wirkenergie (Einspeisung),L1; seit Herstellung,,,22.8.0,
164,Energy,Active,L1,Export,Resettable,kWh,3,Active energy (feed),L1; since last reset,Wirkenergie (Einspeisung),L1; seit letztem Zurücksetzen,,,,
165,Energy,Active,L1,Im Ex Sum,*Absolute,kWh,3,Active energy (draw plus feed),L1; since manufacturing,Wirkenergie (Bezug plus Einspeisung),L1; seit Herstellung,,,35.8.0,
166,Energy,Active,L1,Im Ex Sum,Resettable,kWh,3,Active energy (draw plus feed),L1; since last reset,Wirkenergie (Bezug plus Einspeisung),L1; seit letztem Zurücksetzen,,,,
167,Energy,Active,L1,Im Ex Diff,*Absolute,kWh,3,Active energy (draw minus feed),L1; since manufacturing,Wirkenergie (Bezug minus Einspeisung),L1; seit Herstellung,,,36.8.0,
168,Energy,Active,L1,Im Ex Diff,Resettable,kWh,3,Active energy (draw minus feed),L1; since last reset,Wirkenergie (Bezug minus Einspeisung),L1; seit letztem Zurücksetzen,,,,
169,Energy,Active,L1,Q1,*Absolute,kvarh,3,Active energy (Q1),L1; since manufacturing,Wirkenergie (Q1; induktiv motorisch),L1; seit Herstellung,,,37.8.0,
170,Energy,Active,L1,Q1,Resettable,kvarh,3,Active energy (Q1),L1; since last reset,Wirkenergie (Q1; induktiv motorisch),L1; seit letztem Zurücksetzen,,,,
171,Energy,Active,L1,Q2,*Absolute,kvarh,3,Active energy (Q2),L1; since manufacturing,Wirkenergie (Q2; induktiv generatorisch),L1; seit Herstellung,,,38.8.0,
172,Energy,Active,L1,Q2,Resettable,kvarh,3,Active energy (Q2),L1; since last reset,Wirkenergie (Q2; induktiv generatorisch),L1; seit letztem Zurücksetzen,,,,
173,Energy,Active,L1,Q3,*Absolute,kvarh,3,Active energy (Q3),L1; since manufacturing,Wirkenergie (Q3; kapazitiv generatorisch),L1; seit Herstellung,,,39.8.0,
174,Energy,Active,L1,Q3,Resettable,kvarh,3,Active energy (Q3),L1; since last reset,Wirkenergie (Q3; kapazitiv generatorisch),L1; seit letztem Zurücksetzen,,,,
175,Energy,Active,L1,Q4,*Absolute,kvarh,3,Active energy (Q4),L1; since manufacturing,Wirkenergie (Q4; kapazitiv motorisch),L1; seit Herstellung,,,40.8.0,
176,Energy,Active,L1,Q4,Resettable,kvarh,3,Active energy (Q4),L1; since last reset,Wirkenergie (Q4; kapazitiv motorisch),L1; seit letztem Zurücksetzen,,,,
177,Energy,Active,L2,Import,*Absolute,kWh,3,Active energy (draw),L2; since manufacturing,Wirkenergie (Bezug),L2; seit Herstellung,,,41.8.0,
178,Energy,Active,L2,Import,Resettable,kWh,3,Active energy (draw),L2; since last reset,Wirkenergie (Bezug),L2; seit letztem Zurücksetzen,,,,
179,Energy,Active,L2,Export,*Absolute,kWh,3,Active energy (feed),L2; since manufacturing,Wirkenergie (Einspeisung),L2; seit Herstellung,,,42.8.0,
180,Energy,Active,L2,Export,Resettable,kWh,3,Active energy (feed),L2; since last reset,Wirkenergie (Einspeisung),L2; seit letztem Zurücksetzen,,,,
181,Energy,Active,L2,Im Ex Sum,*Absolute,kWh,3,Active energy (draw plus feed),L2; since manufacturing,Wirkenergie (Bezug plus Einspeisung),L2; seit Herstellung,,,55.8.0,
182,Energy,Active,L2,Im Ex Sum,Resettable,kWh,3,Active energy (draw plus feed),L2; since last reset,Wirkenergie (Bezug plus Einspeisung),L2; seit letztem Zurücksetzen,,,,
183,Energy,Active,L2,Im Ex Diff,*Absolute,kWh,3,Active energy (draw minus feed),L2; since manufacturing,Wirkenergie (Bezug minus Einspeisung),L2; seit Herstellung,,,56.8.0,
184,Energy,Active,L2,Im Ex Diff,Resettable,kWh,3,Active energy (draw minus feed),L2; since last reset,Wirkenergie (Bezug minus Einspeisung),L2; seit letztem Zurücksetzen,,,,
185,Energy,Active,L2,Q1,*Absolute,kvarh,3,Active energy (Q1),L2; since manufacturing,Wirkenergie (Q1; induktiv motorisch),L2; seit Herstellung,,,57.8.0,
186,Energy,Active,L2,Q1,Resettable,kvarh,3,Active energy (Q1),L2; since last reset,Wirkenergie (Q1; induktiv motorisch),L2; seit letztem Zurücksetzen,,,,
187,Energy,Active,L2,Q2,*Absolute,kvarh,3,Active energy (Q2),L2; since manufacturing,Wirkenergie (Q2; induktiv generatorisch),L2; seit Herstellung,,,58.8.0,
188,Energy,Active,L2,Q2,Resettable,kvarh,3,Active energy (Q2),L2; since last reset,Wirkenergie (Q2; induktiv generatorisch),L2; seit letztem Zurücksetzen,,,,
189,Energy,Active,L2,Q3,*Absolute,kvarh,3,Active energy (Q3),L2; since manufacturing,Wirkenergie (Q3; kapazitiv generatorisch),L2; seit Herstellung,,,59.8.0,
190,Energy,Active,L2,Q3,Resettable,kvarh,3,Active energy (Q3),L2; since last reset,Wirkenergie (Q3; kapazitiv generatorisch),L2; seit letztem Zurücksetzen,,,,
191,Energy,Active,L2,Q4,*Absolute,kvarh,3,Active energy (Q4),L2; since manufacturing,Wirkenergie (Q4; kapazitiv motorisch),L2; seit Herstellung,,,60.8.0,
192,Energy,Active,L2,Q4,Resettable,kvarh,3,Active energy (Q4),L2; since last reset,Wirkenergie (Q4; kapazitiv motorisch),L2; seit letztem Zurücksetzen,,,,
193,Energy,Active,L3,Import,*Absolute,kWh,3,Active energy (draw),L3; since manufacturing,Wirkenergie (Bezug),L3; seit Herstellung,,,61.8.0,
194,Energy,Active,L3,Import,Resettable,kWh,3,Active energy (draw),L3; since last reset,Wirkenergie (Bezug),L3; seit letztem Zurücksetzen,,,,
195,Energy,Active,L3,Export,*Absolute,kWh,3,Active energy (feed),L3; since manufacturing,Wirkenergie (Einspeisung),L3; seit Herstellung,,,62.8.0,
196,Energy,Active,L3,Export,Resettable,kWh,3,Active energy (feed),L3; since last reset,Wirkenergie (Einspeisung),L3; seit letztem Zurücksetzen,,,,
197,Energy,Active,L3,Im Ex Sum,*Absolute,kWh,3,Active energy (draw plus feed),L3; since manufacturing,Wirkenergie (Bezug plus Einspeisung),L3; seit Herstellung,,,75.8.0,
198,Energy,Active,L3,Im Ex Sum,Resettable,kWh,3,Active energy (draw plus feed),L3; since last reset,Wirkenergie (Bezug plus Einspeisung),L3; seit letztem Zurücksetzen,,,,
199,Energy,Active,L3,Im Ex Diff,*Absolute,kWh,3,Active energy (draw minus feed),L3; since manufacturing,Wirkenergie (Bezug minus Einspeisung),L3; seit Herstellung,,,76.8.0,
200,Energy,Active,L3,Im Ex Diff,Resettable,kWh,3,Active energy (draw minus feed),L3; since last reset,Wirkenergie (Bezug minus Einspeisung),L3; seit letztem Zurücksetzen,,,,
201,Energy,Active,L3,Q1,*Absolute,kvarh,3,Active energy (Q1),L3; since manufacturing,Wirkenergie (Q1; induktiv motorisch),L3; seit Herstellung,,,77.8.0,
202,Energy,Active,L3,Q1,Resettable,kvarh,3,Active energy (Q1),L3; since last reset,Wirkenergie (Q1; induktiv motorisch),L3; seit letztem Zurücksetzen,,,,
203,Energy,Active,L3,Q2,*Absolute,kvarh,3,Active energy (Q2),L3; since manufacturing,Wirkenergie (Q2; induktiv generatorisch),L3; seit Herstellung,,,78.8.0,
204,Energy,Active,L3,Q2,Resettable,kvarh,3,Active energy (Q2),L3; since last reset,Wirkenergie (Q2; induktiv generatorisch),L3; seit letztem Zurücksetzen,,,,
205,Energy,Active,L3,Q3,*Absolute,kvarh,3,Active energy (Q3),L3; since manufacturing,Wirkenergie (Q3; kapazitiv generatorisch),L3; seit Herstellung,,,79.8.0,
206,Energy,Active,L3,Q3,Resettable,kvarh,3,Active energy (Q3),L3; since last reset,Wirkenergie (Q3; kapazitiv generatorisch),L3; seit letztem Zurücksetzen,,,,
207,Energy,Active,L3,Q4,*Absolute,kvarh,3,Active energy (Q4),L3; since manufacturing,Wirkenergie (Q4; kapazitiv motorisch),L3; seit Herstellung,,,80.8.0,
208,Energy,Active,L3,Q4,Resettable,kvarh,3,Active energy (Q4),L3; since last reset,Wirkenergie (Q4; kapazitiv motorisch),L3; seit letztem Zurücksetzen,,,,
209,Energy,Active,L Sum,Import,*Absolute,kWh,3,Active energy (draw),"Σ L1, L2, L3; since manufacturing",Wirkenergie (Bezug),"Σ L1, L2, L3; seit Herstellung",,,1.8.0,
210,Energy,Active,L Sum,Import,Resettable,kWh,3,Active energy (draw),"Σ L1, L2, L3; since last reset",Wirkenergie (Bezug),"Σ L1, L2, L3; seit letztem Zurücksetzen",,,,
211,Energy,Active,L Sum,Export,*Absolute,kWh,3,Active energy (feed),"Σ L1, L2, L3; since manufacturing",Wirkenergie (Einspeisung),"Σ L1, L2, L3; seit Herstellung",,,2.8.0,
212,Energy,Active,L Sum,Export,Resettable,kWh,3,Active energy (feed),"Σ L1, L2, L3; since last reset",Wirkenergie (Einspeisung),"Σ L1, L2, L3; seit letztem Zurücksetzen",,,,
213,Energy,Active,L Sum,Im Ex Sum,*Absolute,kWh,3,Active energy (draw plus feed),"Σ L1, L2, L3; since manufacturing",Wirkenergie (Bezug plus Einspeisung),"Σ L1, L2, L3; seit Herstellung",,,15.8.0,
214,Energy,Active,L Sum,Im Ex Sum,Resettable,kWh,3,Active energy (draw plus feed),"Σ L1, L2, L3; since last reset",Wirkenergie (Bezug plus Einspeisung),"Σ L1, L2, L3; seit letztem Zurücksetzen",,,,
215,Energy,Active,L Sum,Im Ex Diff,*Absolute,kWh,3,Active energy (draw minus feed),"Σ L1, L2, L3; since manufacturing",Wirkenergie (Bezug minus Einspeisung),"Σ L1, L2, L3; seit Herstellung",,,16.8.0,
216,Energy,Active,L Sum,Im Ex Diff,Resettable,kWh,3,Active energy (draw minus feed),"Σ L1, L2, L3; since last reset",Wirkenergie (Bezug minus Einspeisung),"Σ L1, L2, L3; seit letztem Zurücksetzen",,,,
217,Energy,Active,L Sum,Q1,*Absolute,kvarh,3,Active energy (Q1),"Σ L1, L2, L3; since manufacturing",Wirkenergie (Q1; induktiv motorisch),"Σ L1, L2, L3; seit Herstellung",,,17.8.0,
218,Energy,Active,L Sum,Q1,Resettable,kvarh,3,Active energy (Q1),"Σ L1, L2, L3; since last reset",Wirkenergie (Q1; induktiv motorisch),"Σ L1, L2, L3; seit letztem Zurücksetzen",,,,
219,Energy,Active,L Sum,Q2,*Absolute,kvarh,3,Active energy (Q2),"Σ L1, L2, L3; since manufacturing",Wirkenergie (Q2; induktiv generatorisch),"Σ L1, L2, L3; seit Herstellung",,,18.8.0,
220,Energy,Active,L Sum,Q2,Resettable,kvarh,3,Active energy (Q2),"Σ L1, L2, L3; since last reset",Wirkenergie (Q2; induktiv generatorisch),"Σ L1, L2, L3; seit letztem Zurücksetzen",,,,
221,Energy,Active,L Sum,Q3,*Absolute,kvarh,3,Active energy (Q3),"Σ L1, L2, L3; since manufacturing",Wirkenergie (Q3; kapazitiv generatorisch),"Σ L1, L2, L3; seit Herstellung",,,19.8.0,
222,Energy,Active,L Sum,Q3,Resettable,kvarh,3,Active energy (Q3),"Σ L1, L2, L3; since last reset",Wirkenergie (Q3; kapazitiv generatorisch),"Σ L1, L2, L3; seit letztem Zurücksetzen",,,,
223,Energy,Active,L Sum,Q4,*Absolute,kvarh,3,Active energy (Q4),"Σ L1, L2, L3; since manufacturing",Wirkenergie (Q4; kapazitiv motorisch),"Σ L1, L2, L3; seit Herstellung",,,20.8.0,
224,Energy,Active,L Sum,Q4,Resettable,kvarh,3,Active energy (Q4),"Σ L1, L2, L3; since last reset",Wirkenergie (Q4; kapazitiv motorisch),"Σ L1, L2, L3; seit letztem Zurücksetzen",,,,
225,Energy,Reactive,L1,Inductive,*Absolute,kvarh,3,Reactive energy (inductive),L1; since manufacturing,Blindenergie (induktiv),L1; seit Herstellung,,,23.8.0,Alle vier Quadranten
226,Energy,Reactive,L1,Inductive,Resettable,kvarh,3,Reactive energy (inductive),L1; since last reset,Blindenergie (induktiv),L1; seit letztem Zurücksetzen,,,,
227,Energy,Reactive,L1,Capacitive,*Absolute,kvarh,3,Reactive energy (capacitive),L1; since manufacturing,Blindenergie (kapazitiv),L1; seit Herstellung,,,24.8.0,
228,Energy,Reactive,L1,Capacitive,Resettable,kvarh,3,Reactive energy (capacitive),L1; since last reset,Blindenergie (kapazitiv),L1; seit letztem Zurücksetzen,,,,
229,Energy,Reactive,L1,Ind Cap Sum,*Absolute,kvarh,3,Reactive energy (inductive plus capacitive),L1; since manufacturing,Blindenergie (induktiv plus kapazitiv),L1; seit Herstellung,,,,
230,Energy,Reactive,L1,Ind Cap Sum,Resettable,kvarh,3,Reactive energy (inductive plus capacitive),L1; since last reset,Blindenergie (induktiv plus kapazitiv),L1; seit letztem Zurücksetzen,,,,
231,Energy,Reactive,L1,Ind Cap Diff,*Absolute,kvarh,3,Reactive energy (inductive minus capacitive),L1; since manufacturing,Blindenergie (induktiv minus kapazitiv),L1; seit Herstellung,,,,
232,Energy,Reactive,L1,Ind Cap Diff,Resettable,kvarh,3,Reactive energy (inductive minus capacitive),L1; since last reset,Blindenergie (induktiv minus kapazitiv),L1; seit letztem Zurücksetzen,,,,
233,Energy,Reactive,L1,Q1,*Absolute,kvarh,3,Reactive energy (Q1),L1; since manufacturing,Blindenergie (Q1; induktiv motorisch),L1; seit Herstellung,,,25.8.0,
234,Energy,Reactive,L1,Q1,Resettable,kvarh,3,Reactive energy (Q1),L1; since last reset,Blindenergie (Q1; induktiv motorisch),L1; seit letztem Zurücksetzen,,,,
235,Energy,Reactive,L1,Q2,*Absolute,kvarh,3,Reactive energy (Q2),L1; since manufacturing,Blindenergie (Q2; induktiv generatorisch),L1; seit Herstellung,,,26.8.0,
236,Energy,Reactive,L1,Q2,Resettable,kvarh,3,Reactive energy (Q2),L1; since last reset,Blindenergie (Q2; induktiv generatorisch),L1; seit letztem Zurücksetzen,,,,
237,Energy,Reactive,L1,Q3,*Absolute,kvarh,3,Reactive energy (Q3),L1; since manufacturing,Blindenergie (Q3; kapazitiv generatorisch),L1; seit Herstellung,,,27.8.0,
238,Energy,Reactive,L1,Q3,Resettable,kvarh,3,Reactive energy (Q3),L1; since last reset,Blindenergie (Q3; kapazitiv generatorisch),L1; seit letztem Zurücksetzen,,,,
239,Energy,Reactive,L1,Q4,*Absolute,kvarh,3,Reactive energy (Q4),L1; since manufacturing,Blindenergie (Q4; kapazitiv motorisch),L1; seit Herstellung,,,28.8.0,
240,Energy,Reactive,L1,Q4,Resettable,kvarh,3,Reactive energy (Q4),L1; since last reset,Blindenergie (Q4; kapazitiv motorisch),L1; seit letztem Zurücksetzen,,,,
241,Energy,Reactive,L2,Inductive,*Absolute,kvarh,3,Reactive energy (inductive),L2; since manufacturing,Blindenergie (induktiv),L2; seit Herstellung,,,43.8.0,
242,Energy,Reactive,L2,Inductive,Resettable,kvarh,3,Reactive energy (inductive),L2; since last reset,Blindenergie (induktiv),L2; seit letztem Zurücksetzen,,,,
243,Energy,Reactive,L2,Capacitive,*Absolute,kvarh,3,Reactive energy (capacitive),L2; since manufacturing,Blindenergie (kapazitiv),L2; seit Herstellung,,,44.8.0,
244,Energy,Reactive,L2,Capacitive,Resettable,kvarh,3,Reactive energy (capacitive),L2; since last reset,Blindenergie (kapazitiv),L2; seit letztem Zurücksetzen,,,,
245,Energy,Reactive,L2,Ind Cap Sum,*Absolute,kvarh,3,Reactive energy (inductive plus capacitive),L2; since manufacturing,Blindenergie (induktiv plus kapazitiv),L2; seit Herstellung,,,,
246,Energy,Reactive,L2,Ind Cap Sum,Resettable,kvarh,3,Reactive energy (inductive plus capacitive),L2; since last reset,Blindenergie (induktiv plus kapazitiv),L2; seit letztem Zurücksetzen,,,,
247,Energy,Reactive,L2,Ind Cap Diff,*Absolute,kvarh,3,Reactive energy (inductive minus capacitive),L2; since manufacturing,Blindenergie (induktiv minus kapazitiv),L2; seit Herstellung,,,,
248,Energy,Reactive,L2,Ind Cap Diff,Resettable,kvarh,3,Reactive energy (inductive minus capacitive),L2; since last reset,Blindenergie (induktiv minus kapazitiv),L2; seit letztem Zurücksetzen,,,,
249,Energy,Reactive,L2,Q1,*Absolute,kvarh,3,Reactive energy (Q1),L2; since manufacturing,Blindenergie (Q1; induktiv motorisch),L2; seit Herstellung,,,45.8.0,
250,Energy,Reactive,L2,Q1,Resettable,kvarh,3,Reactive energy (Q1),L2; since last reset,Blindenergie (Q1; induktiv motorisch),L2; seit letztem Zurücksetzen,,,,
251,Energy,Reactive,L2,Q2,*Absolute,kvarh,3,Reactive energy (Q2),L2; since manufacturing,Blindenergie (Q2; induktiv generatorisch),L2; seit Herstellung,,,46.8.0,
252,Energy,Reactive,L2,Q2,Resettable,kvarh,3,Reactive energy (Q2),L2; since last reset,Blindenergie (Q2; induktiv generatorisch),L2; seit letztem Zurücksetzen,,,,
253,Energy,Reactive,L2,Q3,*Absolute,kvarh,3,Reactive energy (Q3),L2; since manufacturing,Blindenergie (Q3; kapazitiv generatorisch),L2; seit Herstellung,,,47.8.0,
254,Energy,Reactive,L2,Q3,Resettable,kvarh,3,Reactive energy (Q3),L2; since last reset,Blindenergie (Q3; kapazitiv generatorisch),L2; seit letztem Zurücksetzen,,,,
255,Energy,Reactive,L2,Q4,*Absolute,kvarh,3,Reactive energy (Q4),L2; since manufacturing,Blindenergie (Q4; kapazitiv motorisch),L2; seit Herstellung,,,48.8.0,
256,Energy,Reactive,L2,Q4,Resettable,kvarh,3,Reactive energy (Q4),L2; since last reset,Blindenergie (Q4; kapazitiv motorisch),L2; seit letztem Zurücksetzen,,,,
257,Energy,Reactive,L3,Inductive,*Absolute,kvarh,3,Reactive energy (inductive),L3; since manufacturing,Blindenergie (induktiv),L3; seit Herstellung,,,63.8.0,
258,Energy,Reactive,L3,Inductive,Resettable,kvarh,3,Reactive energy (inductive),L3; since last reset,Blindenergie (induktiv),L3; seit letztem Zurücksetzen,,,,
259,Energy,Reactive,L3,Capacitive,*Absolute,kvarh,3,Reactive energy (capacitive),L3; since manufacturing,Blindenergie (kapazitiv),L3; seit Herstellung,,,64.8.0,
260,Energy,Reactive,L3,Capacitive,Resettable,kvarh,3,Reactive energy (capacitive),L3; since last reset,Blindenergie (kapazitiv),L3; seit letztem Zurücksetzen,,,,
261,Energy,Reactive,L3,Ind Cap Sum,*Absolute,kvarh,3,Reactive energy (inductive plus capacitive),L3; since manufacturing,Blindenergie (induktiv plus kapazitiv),L3; seit Herstellung,,,,
262,Energy,Reactive,L3,Ind Cap Sum,Resettable,kvarh,3,Reactive energy (inductive plus capacitive),L3; since last reset,Blindenergie (induktiv plus kapazitiv),L3; seit letztem Zurücksetzen,,,,
263,Energy,Reactive,L3,Ind Cap Diff,*Absolute,kvarh,3,Reactive energy (inductive minus capacitive),L3; since manufacturing,Blindenergie (induktiv minus kapazitiv),L3; seit Herstellung,,,,
264,Energy,Reactive,L3,Ind Cap Diff,Resettable,kvarh,3,Reactive energy (inductive minus capacitive),L3; since last reset,Blindenergie (induktiv minus kapazitiv),L3; seit letztem Zurücksetzen,,,,
265,Energy,Reactive,L3,Q1,*Absolute,kvarh,3,Reactive energy (Q1),L3; since manufacturing,Blindenergie (Q1; induktiv motorisch),L3; seit Herstellung,,,65.8.0,
266,Energy,Reactive,L3,Q1,Resettable,kvarh,3,Reactive energy (Q1),L3; since last reset,Blindenergie (Q1; induktiv motorisch),L3; seit letztem Zurücksetzen,,,,
267,Energy,Reactive,L3,Q2,*Absolute,kvarh,3,Reactive energy (Q2),L3; since manufacturing,Blindenergie (Q2; induktiv generatorisch),L3; seit Herstellung,,,66.8.0,
268,Energy,Reactive,L3,Q2,Resettable,kvarh,3,Reactive energy (Q2),L3; since last reset,Blindenergie (Q2; induktiv generatorisch),L3; seit letztem Zurücksetzen,,,,
269,Energy,Reactive,L3,Q3,*Absolute,kvarh,3,Reactive energy (Q3),L3; since manufacturing,Blindenergie (Q3; kapazitiv generatorisch),L3; seit Herstellung,,,67.8.0,
270,Energy,Reactive,L3,Q3,Resettable,kvarh,3,Reactive energy (Q3),L3; since last reset,Blindenergie (Q3; kapazitiv generatorisch),L3; seit letztem Zurücksetzen,,,,
271,Energy,Reactive,L3,Q4,*Absolute,kvarh,3,Reactive energy (Q4),L3; since manufacturing,Blindenergie (Q4; kapazitiv motorisch),L3; seit Herstellung,,,68.8.0,
272,Energy,Reactive,L3,Q4,Resettable,kvarh,3,Reactive energy (Q4),L3; since last reset,Blindenergie (Q4; kapazitiv motorisch),L3; seit letztem Zurücksetzen,,,,
273,Energy,Reactive,L Sum,Inductive,*Absolute,kvarh,3,Reactive energy (inductive),"Σ L1, L2, L3; since manufacturing",Blindenergie (induktiv),"Σ L1, L2, L3; seit Herstellung",,,3.8.0,
274,Energy,Reactive,L Sum,Inductive,Resettable,kvarh,3,Reactive energy (inductive),"Σ L1, L2, L3; since last reset",Blindenergie (induktiv),"Σ L1, L2, L3; seit letztem Zurücksetzen",,,,
275,Energy,Reactive,L Sum,Capacitive,*Absolute,kvarh,3,Reactive energy (capacitive),"Σ L1, L2, L3; since manufacturing",Blindenergie (kapazitiv),"Σ L1, L2, L3; seit Herstellung",,,4.8.0,
276,Energy,Reactive,L Sum,Capacitive,Resettable,kvarh,3,Reactive energy (capacitive),"Σ L1, L2, L3; since last reset",Blindenergie (kapazitiv),"Σ L1, L2, L3; seit letztem Zurücksetzen",,,,
277,Energy,Reactive,L Sum,Ind Cap Sum,*Absolute,kvarh,3,Reactive energy (inductive plus capacitive),"Σ L1, L2, L3; since manufacturing",Blindenergie (induktiv plus kapazitiv),"Σ L1, L2, L3; seit Herstellung",,,,
278,Energy,Reactive,L Sum,Ind Cap Sum,Resettable,kvarh,3,Reactive energy (inductive plus capacitive),"Σ L1, L2, L3; since last reset",Blindenergie (induktiv plus kapazitiv),"Σ L1, L2, L3; seit letztem Zurücksetzen",,,,
279,Energy,Reactive,L Sum,Ind Cap Diff,*Absolute,kvarh,3,Reactive energy (inductive minus capacitive),"Σ L1, L2, L3; since manufacturing",Blindenergie (induktiv minus kapazitiv),"Σ L1, L2, L3; seit Herstellung",,,,
280,Energy,Reactive,L Sum,Ind Cap Diff,Resettable,kvarh,3,Reactive energy (inductive minus capacitive),"Σ L1, L2, L3; since last reset",Blindenergie (induktiv minus kapazitiv),"Σ L1, L2, L3; seit letztem Zurücksetzen",,,,
281,Energy,Reactive,L Sum,Q1,*Absolute,kvarh,3,Reactive energy (Q1),"Σ L1, L2, L3; since manufacturing",Blindenergie (Q1; induktiv motorisch),"Σ L1, L2, L3; seit Herstellung",,,5.8.0,
282,Energy,Reactive,L Sum,Q1,Resettable,kvarh,3,Reactive energy (Q1),"Σ L1, L2, L3; since last reset",Blindenergie (Q1; induktiv motorisch),"Σ L1, L2, L3; seit letztem Zurücksetzen",,,,
283,Energy,Reactive,L Sum,Q2,*Absolute,kvarh,3,Reactive energy (Q2),"Σ L1, L2, L3; since manufacturing",Blindenergie (Q2; induktiv generatorisch),"Σ L1, L2, L3; seit Herstellung",,,6.8.0,
284,Energy,Reactive,L Sum,Q2,Resettable,kvarh,3,Reactive energy (Q2),"Σ L1, L2, L3; since last reset",Blindenergie (Q2; induktiv generatorisch),"Σ L1, L2, L3; seit letztem Zurücksetzen",,,,
285,Energy,Reactive,L Sum,Q3,*Absolute,kvarh,3,Reactive energy (Q3),"Σ L1, L2, L3; since manufacturing",Blindenergie (Q3; kapazitiv generatorisch),"Σ L1, L2, L3; seit Herstellung",,,7.8.0,
286,Energy,Reactive,L Sum,Q3,Resettable,kvarh,3,Reactive energy (Q3),"Σ L1, L2, L3; since last reset",Blindenergie (Q3; kapazitiv generatorisch),"Σ L1, L2, L3; seit letztem Zurücksetzen",,,,
287,Energy,Reactive,L Sum,Q4,*Absolute,kvarh,3,Reactive energy (Q4),"Σ L1, L2, L3; since manufacturing",Blindenergie (Q4; kapazitiv motorisch),"Σ L1, L2, L3; seit Herstellung",,,8.8.0,
288,Energy,Reactive,L Sum,Q4,Resettable,kvarh,3,Reactive energy (Q4),"Σ L1, L2, L3; since last reset",Blindenergie (Q4; kapazitiv motorisch),"Σ L1, L2, L3; seit letztem Zurücksetzen",,,,
289,Energy,Apparent,L1,Import,*Absolute,kVAh,3,Apparent energy (draw),L1; since manufacturing,Scheinenergie (Bezug),L1; seit Herstellung,,,29.8.0,
290,Energy,Apparent,L1,Import,Resettable,kVAh,3,Apparent energy (draw),L1; since last reset,Scheinenergie (Bezug),L1; seit letztem Zurücksetzen,,,,
291,Energy,Apparent,L1,Export,*Absolute,kVAh,3,Apparent energy (feed),L1; since manufacturing,Scheinenergie (Einspeisung),L1; seit Herstellung,,,30.8.0,
292,Energy,Apparent,L1,Export,Resettable,kVAh,3,Apparent energy (feed),L1; since last reset,Scheinenergie (Einspeisung),L1; seit letztem Zurücksetzen,,,,
293,Energy,Apparent,L1,Im Ex Sum,*Absolute,kVAh,3,Apparent energy (draw plus feed),L1; since manufacturing,Scheinenergie (Bezug plus Einspeisung),L1; seit Herstellung,,,,
294,Energy,Apparent,L1,Im Ex Sum,Resettable,kVAh,3,Apparent energy (draw plus feed),L1; since last reset,Scheinenergie (Bezug plus Einspeisung),L1; seit letztem Zurücksetzen,,,,
295,Energy,Apparent,L1,Im Ex Diff,*Absolute,kVAh,3,Apparent energy (draw minus feed),L1; since manufacturing,Scheinenergie (Bezug minus Einspeisung),L1; seit Herstellung,,,,
296,Energy,Apparent,L1,Im Ex Diff,Resettable,kVAh,3,Apparent energy (draw minus feed),L1; since last reset,Scheinenergie (Bezug minus Einspeisung),L1; seit letztem Zurücksetzen,,,,
297,Energy,Apparent,L1,Q1,*Absolute,kvarh,3,Apparent energy (Q1),L1; since manufacturing,Scheinenergie (Q1; induktiv motorisch),L1; seit Herstellung,,,,
298,Energy,Apparent,L1,Q1,Resettable,kvarh,3,Apparent energy (Q1),L1; since last reset,Scheinenergie (Q1; induktiv motorisch),L1; seit letztem Zurücksetzen,,,,
299,Energy,Apparent,L1,Q2,*Absolute,kvarh,3,Apparent energy (Q2),L1; since manufacturing,Scheinenergie (Q2; induktiv generatorisch),L1; seit Herstellung,,,,
300,Energy,Apparent,L1,Q2,Resettable,kvarh,3,Apparent energy (Q2),L1; since last reset,Scheinenergie (Q2; induktiv generatorisch),L1; seit letztem Zurücksetzen,,,,
301,Energy,Apparent,L1,Q3,*Absolute,kvarh,3,Apparent energy (Q3),L1; since manufacturing,Scheinenergie (Q3; kapazitiv generatorisch),L1; seit Herstellung,,,,
302,Energy,Apparent,L1,Q3,Resettable,kvarh,3,Apparent energy (Q3),L1; since last reset,Scheinenergie (Q3; kapazitiv generatorisch),L1; seit letztem Zurücksetzen,,,,
303,Energy,Apparent,L1,Q4,*Absolute,kvarh,3,Apparent energy (Q4),L1; since manufacturing,Scheinenergie (Q4; kapazitiv motorisch),L1; seit Herstellung,,,,
304,Energy,Apparent,L1,Q4,Resettable,kvarh,3,Apparent energy (Q4),L1; since last reset,Scheinenergie (Q4; kapazitiv motorisch),L1; seit letztem Zurücksetzen,,,,
305,Energy,Apparent,L2,Import,*Absolute,kVAh,3,Apparent energy (draw),L2; since manufacturing,Scheinenergie (Bezug),L2; seit Herstellung,,,49.8.0,
306,Energy,Apparent,L2,Import,Resettable,kVAh,3,Apparent energy (draw),L2; since last reset,Scheinenergie (Bezug),L2; seit letztem Zurücksetzen,,,,
307,Energy,Apparent,L2,Export,*Absolute,kVAh,3,Apparent energy (feed),L2; since manufacturing,Scheinenergie (Einspeisung),L2; seit Herstellung,,,50.8.0,
308,Energy,Apparent,L2,Export,Resettable,kVAh,3,Apparent energy (feed),L2; since last reset,Scheinenergie (Einspeisung),L2; seit letztem Zurücksetzen,,,,
309,Energy,Apparent,L2,Im Ex Sum,*Absolute,kVAh,3,Apparent energy (draw plus feed),L2; since manufacturing,Scheinenergie (Bezug plus Einspeisung),L2; seit Herstellung,,,,
310,Energy,Apparent,L2,Im Ex Sum,Resettable,kVAh,3,Apparent energy (draw plus feed),L2; since last reset,Scheinenergie (Bezug plus Einspeisung),L2; seit letztem Zurücksetzen,,,,
311,Energy,Apparent,L2,Im Ex Diff,*Absolute,kVAh,3,Apparent energy (draw minus feed),L2; since manufacturing,Scheinenergie (Bezug minus Einspeisung),L2; seit Herstellung,,,,
312,Energy,Apparent,L2,Im Ex Diff,Resettable,kVAh,3,Apparent energy (draw minus feed),L2; since last reset,Scheinenergie (Bezug minus Einspeisung),L2; seit letztem Zurücksetzen,,,,
313,Energy,Apparent,L2,Q1,*Absolute,kvarh,3,Apparent energy (Q1),L2; since manufacturing,Scheinenergie (Q1; induktiv motorisch),L2; seit Herstellung,,,,
314,Energy,Apparent,L2,Q1,Resettable,kvarh,3,Apparent energy (Q1),L2; since last reset,Scheinenergie (Q1; induktiv motorisch),L2; seit letztem Zurücksetzen,,,,
315,Energy,Apparent,L2,Q2,*Absolute,kvarh,3,Apparent energy (Q2),L2; since manufacturing,Scheinenergie (Q2; induktiv generatorisch),L2; seit Herstellung,,,,
316,Energy,Apparent,L2,Q2,Resettable,kvarh,3,Apparent energy (Q2),L2; since last reset,Scheinenergie (Q2; induktiv generatorisch),L2; seit letztem Zurücksetzen,,,,
317,Energy,Apparent,L2,Q3,*Absolute,kvarh,3,Apparent energy (Q3),L2; since manufacturing,Scheinenergie (Q3; kapazitiv generatorisch),L2; seit Herstellung,,,,
318,Energy,Apparent,L2,Q3,Resettable,kvarh,3,Apparent energy (Q3),L2; since last reset,Scheinenergie (Q3; kapazitiv generatorisch),L2; seit letztem Zurücksetzen,,,,
319,Energy,Apparent,L2,Q4,*Absolute,kvarh,3,Apparent energy (Q4),L2; since manufacturing,Scheinenergie (Q4; kapazitiv motorisch),L2; seit Herstellung,,,,
320,Energy,Apparent,L2,Q4,Resettable,kvarh,3,Apparent energy (Q4),L2; since last reset,Scheinenergie (Q4; kapazitiv motorisch),L2; seit letztem Zurücksetzen,,,,
321,Energy,Apparent,L3,Import,*Absolute,kVAh,3,Apparent energy (draw),L3; since manufacturing,Scheinenergie (Bezug),L3; seit Herstellung,,,69.8.0,
322,Energy,Apparent,L3,Import,Resettable,kVAh,3,Apparent energy (draw),L3; since last reset,Scheinenergie (Bezug),L3; seit letztem Zurücksetzen,,,,
323,Energy,Apparent,L3,Export,*Absolute,kVAh,3,Apparent energy (feed),L3; since manufacturing,Scheinenergie (Einspeisung),L3; seit Herstellung,,,70.8.0,
324,Energy,Apparent,L3,Export,Resettable,kVAh,3,Apparent energy (feed),L3; since last reset,Scheinenergie (Einspeisung),L3; seit letztem Zurücksetzen,,,,
325,Energy,Apparent,L3,Im Ex Sum,*Absolute,kVAh,3,Apparent energy (draw plus feed),L3; since manufacturing,Scheinenergie (Bezug plus Einspeisung),L3; seit Herstellung,,,,
326,Energy,Apparent,L3,Im Ex Sum,Resettable,kVAh,3,Apparent energy (draw plus feed),L3; since last reset,Scheinenergie (Bezug plus Einspeisung),L3; seit letztem Zurücksetzen,,,,
327,Energy,Apparent,L3,Im Ex Diff,*Absolute,kVAh,3,Apparent energy (draw minus feed),L3; since manufacturing,Scheinenergie (Bezug minus Einspeisung),L3; seit Herstellung,,,,
328,Energy,Apparent,L3,Im Ex Diff,Resettable,kVAh,3,Apparent energy (draw minus feed),L3; since last reset,Scheinenergie (Bezug minus Einspeisung),L3; seit letztem Zurücksetzen,,,,
329,Energy,Apparent,L3,Q1,*Absolute,kvarh,3,Apparent energy (Q1),L3; since manufacturing,Scheinenergie (Q1; induktiv motorisch),L3; seit Herstellung,,,,
330,Energy,Apparent,L3,Q1,Resettable,kvarh,3,Apparent energy (Q1),L3; since last reset,Scheinenergie (Q1; induktiv motorisch),L3; seit letztem Zurücksetzen,,,,
331,Energy,Apparent,L3,Q2,*Absolute,kvarh,3,Apparent energy (Q2),L3; since manufacturing,Scheinenergie (Q2; induktiv generatorisch),L3; seit Herstellung,,,,
332,Energy,Apparent,L3,Q2,Resettable,kvarh,3,Apparent energy (Q2),L3; since last reset,Scheinenergie (Q2; induktiv generatorisch),L3; seit letztem Zurücksetzen,,,,
333,Energy,Apparent,L3,Q3,*Absolute,kvarh,3,Apparent energy (Q3),L3; since manufacturing,Scheinenergie (Q3; kapazitiv generatorisch),L3; seit Herstellung,,,,
334,Energy,Apparent,L3,Q3,Resettable,kvarh,3,Apparent energy (Q3),L3; since last reset,Scheinenergie (Q3; kapazitiv generatorisch),L3; seit letztem Zurücksetzen,,,,
335,Energy,Apparent,L3,Q4,*Absolute,kvarh,3,Apparent energy (Q4),L3; since manufacturing,Scheinenergie (Q4; kapazitiv motorisch),L3; seit Herstellung,,,,
336,Energy,Apparent,L3,Q4,Resettable,kvarh,3,Apparent energy (Q4),L3; since last reset,Scheinenergie (Q4; kapazitiv motorisch),L3; seit letztem Zurücksetzen,,,9.8.0,
337,Energy,Apparent,L Sum,Import,*Absolute,kVAh,3,Apparent energy (draw),"Σ L1, L2, L3; since manufacturing",Scheinenergie (Bezug),"Σ L1, L2, L3; seit Herstellung",,,,
338,Energy,Apparent,L Sum,Import,Resettable,kVAh,3,Apparent energy (draw),"Σ L1, L2, L3; since last reset",Scheinenergie (Bezug),"Σ L1, L2, L3; seit letztem Zurücksetzen",,,10.8.0,
339,Energy,Apparent,L Sum,Export,*Absolute,kVAh,3,Apparent energy (feed),"Σ L1, L2, L3; since manufacturing",Scheinenergie (Einspeisung),"Σ L1, L2, L3; seit Herstellung",,,,
340,Energy,Apparent,L Sum,Export,Resettable,kVAh,3,Apparent energy (feed),"Σ L1, L2, L3; since last reset",Scheinenergie (Einspeisung),"Σ L1, L2, L3; seit letztem Zurücksetzen",,,,
341,Energy,Apparent,L Sum,Im Ex Sum,*Absolute,kVAh,3,Apparent energy (draw plus feed),"Σ L1, L2, L3; since manufacturing",Scheinenergie (Bezug plus Einspeisung),"Σ L1, L2, L3; seit Herstellung",,,,
342,Energy,Apparent,L Sum,Im Ex Sum,Resettable,kVAh,3,Apparent energy (draw plus feed),"Σ L1, L2, L3; since last reset",Scheinenergie (Bezug plus Einspeisung),"Σ L1, L2, L3; seit letztem Zurücksetzen",,,,
343,Energy,Apparent,L Sum,Im Ex Diff,*Absolute,kVAh,3,Apparent energy (draw minus feed),"Σ L1, L2, L3; since manufacturing",Scheinenergie (Bezug minus Einspeisung),"Σ L1, L2, L3; seit Herstellung",,,,
344,Energy,Apparent,L Sum,Im Ex Diff,Resettable,kVAh,3,Apparent energy (draw minus feed),"Σ L1, L2, L3; since last reset",Scheinenergie (Bezug minus Einspeisung),"Σ L1, L2, L3; seit letztem Zurücksetzen",,,,
345,Energy,Apparent,L Sum,Q1,*Absolute,kvarh,3,Apparent energy (Q1),"Σ L1, L2, L3; since manufacturing",Scheinenergie (Q1; induktiv motorisch),"Σ L1, L2, L3; seit Herstellung",,,,
346,Energy,Apparent,L Sum,Q1,Resettable,kvarh,3,Apparent energy (Q1),"Σ L1, L2, L3; since last reset",Scheinenergie (Q1; induktiv motorisch),"Σ L1, L2, L3; seit letztem Zurücksetzen",,,,
347,Energy,Apparent,L Sum,Q2,*Absolute,kvarh,3,Apparent energy (Q2),"Σ L1, L2, L3; since manufacturing",Scheinenergie (Q2; induktiv generatorisch),"Σ L1, L2, L3; seit Herstellung",,,,
348,Energy,Apparent,L Sum,Q2,Resettable,kvarh,3,Apparent energy (Q2),"Σ L1, L2, L3; since last reset",Scheinenergie (Q2; induktiv generatorisch),"Σ L1, L2, L3; seit letztem Zurücksetzen",,,,
349,Energy,Apparent,L Sum,Q3,*Absolute,kvarh,3,Apparent energy (Q3),"Σ L1, L2, L3; since manufacturing",Scheinenergie (Q3; kapazitiv generatorisch),"Σ L1, L2, L3; seit Herstellung",,,,
350,Energy,Apparent,L Sum,Q3,Resettable,kvarh,3,Apparent energy (Q3),"Σ L1, L2, L3; since last reset",Scheinenergie (Q3; kapazitiv generatorisch),"Σ L1, L2, L3; seit letztem Zurücksetzen",,,,
351,Energy,Apparent,L Sum,Q4,*Absolute,kvarh,3,Apparent energy (Q4),"Σ L1, L2, L3; since manufacturing",Scheinenergie (Q4; kapazitiv motorisch),"Σ L1, L2, L3; seit Herstellung",,,,
352,Energy,Apparent,L Sum,Q4,Resettable,kvarh,3,Apparent energy (Q4),"Σ L1, L2, L3; since last reset",Scheinenergie (Q4; kapazitiv motorisch),"Σ L1, L2, L3; seit letztem Zurücksetzen",,,,
353,Power Factor,,L1,,Directional,,3,Power factor,L1; sign indicates the direction of the current flow,Leistungsfaktor,L1; Vorzeichen gibt Richtung des Stromflusses an,,,33.4.0,"Zwischen -1 und +1, Vorzeichen für Stromrichtung: (-) Export, (+) Import"
354,Power Factor,,L2,,Directional,,3,Power factor,L2; sign indicates the direction of the current flow,Leistungsfaktor,L2; Vorzeichen gibt Richtung des Stromflusses an,,,53.4.0,"Zwischen -1 und +1, Vorzeichen für Stromrichtung: (-) Export, (+) Import"
355,Power Factor,,L3,,Directional,,3,Power factor,L3; sign indicates the direction of the current flow,Leistungsfaktor,L3; Vorzeichen gibt Richtung des Stromflusses an,,,73.4.0,"Zwischen -1 und +1, Vorzeichen für Stromrichtung: (-) Export, (+) Import"
356,Power Factor,,L Sum,,Directional,,3,Power factor,"Σ L1, L2, L3; sign indicates the direction of the current flow",Leistungsfaktor,"Σ L1, L2, L3; Vorzeichen gibt Richtung des Stromflusses an",,,3.4.0,"Zwischen -1 und +1, Vorzeichen für Stromrichtung: (-) Export, (+) Import; Berechnet aus Gesamtwirkleistung und Gesamtblindleistung"
357,Power Factor,,L1,,*Non Directional,,3,Power factor,L1,Leistungsfaktor,L1,,,,Zwischen 0 und 1
358,Power Factor,,L2,,*Non Directional,,3,Power factor,L2,Leistungsfaktor,L2,,,,Zwischen 0 und 1
359,Power Factor,,L3,,*Non Directional,,3,Power factor,L3,Leistungsfaktor,L3,,,,Zwischen 0 und 1
360,Power Factor,,L Sum,,*Non Directional,,3,Power factor,"Σ L1, L2, L3",Leistungsfaktor,"Σ L1, L2, L3",,,,Zwischen 0 und 1; Berechnet aus Gesamtwirkleistung und Gesamtblindleistung
361,Frequency,,L1,,,Hz,3,Frequency,L1,Frequenz,L1,,,34.4.0,
362,Frequency,,L2,,,Hz,3,Frequency,L2,Frequenz,L2,,,54.4.0,
363,Frequency,,L3,,,Hz,3,Frequency,L3,Frequenz,L3,,,74.4.0,
364,Frequency,,L Avg,,,Hz,3,Frequency,"⌀ L1, L2, L3",Frequenz,"⌀ L1, L2, L3",,,4.4.0,
365,Phase Angle,,L1,,,°,1,Phase angle,L1,Phasenwinkel,L1,,,81.7.4,"Verschiebung zwischen Spannung und Strom, zwischen -90 und +90"
366,Phase Angle,,L2,,,°,1,Phase angle,L2,Phasenwinkel,L2,,,81.7.15,
367,Phase Angle,,L3,,,°,1,Phase angle,L3,Phasenwinkel,L3,,,81.7.26,
368,Phase Angle,,L Sum,,,°,1,Phase angle,"Σ L1, L2, L3",Phasenwinkel,"Σ L1, L2, L3",,,,
369,Voltage THD,,L1 N,,,%,1,Voltage THD,L1-N,THD der Spannung,L1-N,,,32.7.124,
370,Voltage THD,,L2 N,,,%,1,Voltage THD,L2-N,THD der Spannung,L2-N,,,52.7.124,
371,Voltage THD,,L3 N,,,%,1,Voltage THD,L3-N,THD der Spannung,L3-N,,,72.7.124,
372,Voltage THD,,L1 L2,,,%,1,Voltage THD,L1-L2,THD der Spannung,L1-L2,,,,
373,Voltage THD,,L2 L3,,,%,1,Voltage THD,L2-L3,THD der Spannung,L2-L3,,,,
374,Voltage THD,,L3 L1,,,%,1,Voltage THD,L3-L1,THD der Spannung,L3-L1,,,,
375,Voltage THD,,L N Avg,,,%,1,Voltage THD,"⌀ L1-N, L2-N, L3-N",THD der Spannung,"⌀ L1-N, L2-N, L3-N",,,,
376,Voltage THD,,L L Avg,,,%,1,Voltage THD,"⌀ L1-L2, L2-L3, L3-L1",THD der Spannung,"⌀ L1-L2, L2-L3, L3-L1",,,,
377,Current THD,,L1,,,%,1,Current THD,L1,THD des Stroms,L1,,,31.7.124,
378,Current THD,,L2,,,%,1,Current THD,L2,THD des Stroms,L2,,,51.7.124,
379,Current THD,,L3,,,%,1,Current THD,L3,THD des Stroms,L3,,,71.7.124,
380,Current THD,,L Avg,,,%,1,Current THD,"⌀ L1, L2, L3",THD des Stroms,"⌀ L1, L2, L3",,,,
381,Temperature,*Other,,,,°C,1,Temperature,,Temperatur,,,,,
382,Temperature,Ambient,,,,°C,1,Temperature,Ambient,Temperatur,Umgebung,,,96.9.0,
383,Temperature,Cabinet,,,,°C,1,Temperature,Cabinet,Temperatur,Gehäuse,,,,
384,Temperature,Heat Sink,,,,°C,1,Temperature,Heat sink,Temperatur,Kühlkörper,,,,
385,Temperature,Transformer,,,,°C,1,Temperature,Transformer,Temperatur,Transformator,,,,
386,Fan Speed,,,,,rpm,1,Fan speed,,Lüfterdrehzahl,,,,,
387,State Of Charge,,,,,%,1,State of charge,,Batterieladestand,,,,96.6.1,
388,Electric Charge,,,,,Ah,3,Transported electric charge,,Transportierte elektrische Ladung,,,,,Gibt der SDM630 aus
389,Current,,DC,Import,,A,3,DC current (draw),,Gleichstrom (Bezug),,,,,Für Inverter
390,Current,,DC,Export,,A,3,DC current (feed),,Gleichstrom (Einspeisung),,,,,Für Inverter
391,Current,,DC,Im Ex Sum,,A,3,DC current (draw plus feed),,Gleichstrom (Bezug plus Einspeisung),,,,,Für Inverter
392,Current,,DC,Im Ex Diff,,A,3,DC current (draw minus feed),,Gleichstrom (Bezug minus Einspeisung),,,,,Für Inverter
393,Current,,DC,Charge,,A,3,DC current (charge),,Gleichstrom (Laden),,,,,Für Batterie
394,Current,,DC,Discharge,,A,3,DC current (discharge),,Gleichstrom (Entladen),,,,,Für Batterie
395,Current,,DC,Cha Dis Sum,,A,3,DC current (charge plus discharge),,Gleichstrom (Laden plus Entladen),,,,,Für Batterie
396,Current,,DC,Cha Dis Diff,,A,3,DC current (charge minus discharge),,Gleichstrom (Laden minus Entladen),,,,,Für Batterie
397,Power,,DC,Import,,W,0,DC power (draw),,Leistung (Bezug),DC,,,,Für Inverter
398,Power,,DC,Export,,W,0,DC power (feed),,Leistung (Einspeisung),DC,,,,Für Inverter
399,Power,,DC,Im Ex Sum,,W,0,DC power (draw plus feed),,Leistung (Bezug plus Einspeisung),DC,,,,Für Inverter
400,Power,,DC,Im Ex Diff,,W,0,DC power (draw minus feed),,Leistung (Bezug minus Einspeisung),DC,,,,Für Inverter
401,Power,,DC,Charge,,W,0,DC power (charge),,Leistung (Laden),DC,,,,Für Batterie
402,Power,,DC,Discharge,,W,0,DC power (discharge),,Leistung (Entladen),DC,,,,Für Batterie
403,Power,,DC,Cha Dis Sum,,W,0,DC power (charge plus discharge),,Leistung (Laden plus Entladen),DC,,,,Für Batterie
404,Power,,DC,Cha Dis Diff,,W,0,DC power (charge minus discharge),,Leistung (Laden minus Entladen),DC,,,,Für Batterie
405,Energy,,DC,Import,*Absolute,kWh,3,DC energy (draw),Since manufacturing,Energie (Bezug),DC; seit Herstellung,,,,Für Inverter
406,Energy,,DC,Import,Resettable,kWh,3,DC energy (draw),Since last reset,Energie (Bezug),DC; seit letztem Zurücksetzen,,,,Für Inverter
407,Energy,,DC,Export,*Absolute,kWh,3,DC energy (feed),Since manufacturing,Energie (Einspeisung),DC; seit Herstellung,,,,Für Inverter
408,Energy,,DC,Export,Resettable,kWh,3,DC energy (feed),Since last reset,Energie (Einspeisung),DC; seit letztem Zurücksetzen,,,,Für Inverter
409,Energy,,DC,Im Ex Sum,*Absolute,kWh,3,DC energy (draw plus feed),Since manufacturing,Energie (Bezug plus Einspeisung),DC; seit Herstellung,,,,Für Inverter
410,Energy,,DC,Im Ex Sum,Resettable,kWh,3,DC energy (draw plus feed),Since last reset,Energie (Bezug plus Einspeisung),DC; seit letztem Zurücksetzen,,,,Für Inverter
411,Energy,,DC,Im Ex Diff,*Absolute,kWh,3,DC energy (draw minus feed),Since manufacturing,Energie (Bezug minus Einspeisung),DC; seit Herstellung,,,,Für Inverter
412,Energy,,DC,Im Ex Diff,Resettable,kWh,3,DC energy (draw minus feed),Since last reset,Energie (Bezug minus Einspeisung),DC; seit letztem Zurücksetzen,,,,Für Inverter
413,Energy,,DC,Charge,*Absolute,kWh,3,DC energy (charge),Since manufacturing,Energie (Laden),DC; seit Herstellung,,,,Für Batterie
414,Energy,,DC,Charge,Resettable,kWh,3,DC energy (charge),Since last reset,Energie (Laden),DC; seit letztem Zurücksetzen,,,,Für Batterie
415,Energy,,DC,Discharge,*Absolute,kWh,3,DC energy (discharge),Since manufacturing,Energie (Entladen),DC; seit Herstellung,,,,Für Batterie
416,Energy,,DC,Discharge,Resettable,kWh,3,DC energy (discharge),Since last reset,Energie (Entladen),DC; seit letztem Zurücksetzen,,,,Für Batterie
417,Energy,,DC,Cha Dis Sum,*Absolute,kWh,3,DC energy (charge plus discharge),Since manufacturing,Energie (Laden plus Entladen),DC; seit Herstellung,,,,Für Batterie
418,Energy,,DC,Cha Dis Sum,Resettable,kWh,3,DC energy (charge plus discharge),Since last reset,Energie (Laden plus Entladen),DC; seit letztem Zurücksetzen,,,,Für Batterie
419,Energy,,DC,Cha Dis Diff,*Absolute,kWh,3,DC energy (charge minus discharge),Since manufacturing,Energie (Laden minus Entladen),DC; seit Herstellung,,,,Für Batterie
420,Energy,,DC,Cha Dis Diff,Resettable,kWh,3,DC energy (charge minus discharge),Since last reset,Energie (Laden minus Entladen),DC; seit letztem Zurücksetzen,,,,Für Batterie
